{
  "version": 1,
  "author": "Maverick",
  "editor": "wokwi",
  "parts": [
    { "type": "wokwi-esp32-devkit-v1", "id": "esp", "top": 18.28, "left": 112.73, "attrs": {} },
    { "type": "chip-soil_sensor", "id": "chip1", "top": 149.22, "left": 678.74, "attrs": {} },
    {
      "type": "wokwi-lcd1602",
      "id": "lcd1",
      "top": -71.37,
      "left": 546.1,
      "attrs": { "pins": "i2c" }
    },
    {
      "type": "wokwi-dht22",
      "id": "dht1",
      "top": -212.35,
      "left": -89.6,
      "attrs": { "temperature": "80" }
    },
    {
      "type": "wokwi-stepper-motor",
      "id": "stepper1",
      "top": -306.93,
      "left": 402.35,
      "attrs": { "size": "17" }
    }
  ],
  "connections": [
    [ "lcd1:GND", "esp:GND.1", "black", [ "h-20.78", "v130.63" ] ],
    [ "esp:3V3", "lcd1:VCC", "red", [ "v0.15", "h20.28", "v-145.52" ] ],
    [ "chip1:GND", "esp:GND.1", "black", [ "h0" ] ],
    [ "chip1:VCC", "esp:3V3", "red", [ "h-71.18", "v1.57" ] ],
    [ "chip1:A0", "esp:D34", "green", [ "h-57.33", "v41.75", "h-136.72", "v-157.1" ] ],
    [ "lcd1:SCL", "esp:D22", "green", [ "h0" ] ],
    [ "esp:D21", "lcd1:SDA", "green", [ "h41.83", "v-36.58" ] ],
    [ "dht1:GND", "esp:GND.1", "black", [ "v47.67", "h-69.58", "v248.5", "h186.91", "v-76.63" ] ],
    [ "dht1:VCC", "esp:3V3", "red", [ "v314.07", "h129.66", "v-75.91" ] ],
    [ "dht1:SDA", "esp:D15", "green", [ "v323.38", "h142.36", "v-116.73" ] ],
    [ "esp:D19", "stepper1:A-", "green", [ "h0" ] ],
    [ "stepper1:A+", "esp:D18", "green", [ "v0" ] ],
    [ "esp:D5", "stepper1:B+", "green", [ "h0" ] ],
    [ "esp:D4", "stepper1:B-", "green", [ "h0" ] ]
  ],
  "dependencies": {}
}